ID,Item title,Final URL,Image URL,Price,Sale price
SX7622_013_S_CNF,U nk elite crew,http://ballzy.eu/lv/product/u-nk-elite-crew-132-sx7622-013-s-cnf,https://tanelneemoja.github.io/feed-creek/generated_ads/ad_SX7622_013_S_CNF_8021ff2b_sq.jpg,14€,
SX7622_100_S_CNF,U nk elite crew 132,http://ballzy.eu/lv/product/u-nk-elite-crew-132-sx7622-100-s-cnf,https://tanelneemoja.github.io/feed-creek/generated_ads/ad_SX7622_100_S_CNF_d793ec6d_sq.jpg,17€,
SX5544_100_S_CNF,U j everyday max ankl 3pr,http://ballzy.eu/lv/product/u-j-everyday-max-ankl-3pr-sx5544-100-s-cnf,https://tanelneemoja.github.io/feed-creek/generated_ads/ad_SX5544_100_S_CNF_8615f036_sq.jpg,19€,
300207401_S_CNF,Spalding parka,http://ballzy.eu/lv/product/spalding-parka-300207401-s-cnf,https://tanelneemoja.github.io/feed-creek/generated_ads/ad_300207401_S_CNF_3de995f1_sq.jpg,140€,
SX5544_011_S_CNF,Jumpman qtr 3ppk,http://ballzy.eu/lv/product/jumpman-qtr-3ppk-sx5544-011-s-cnf,https://tanelneemoja.github.io/feed-creek/generated_ads/ad_SX5544_011_S_CNF_c2e40866_sq.jpg,12€,12€
SX5546_011_S_CNF,Jumpman no-show 3ppk,http://ballzy.eu/lv/product/jumpman-no-show-3ppk-sx5546-011-s-cnf,https://tanelneemoja.github.io/feed-creek/generated_ads/ad_SX5546_011_S_CNF_21853f2e_sq.jpg,12€,12€
SX5546_100_S_CNF,U j everyday max ns 3pr,http://ballzy.eu/lv/product/u-j-everyday-max-ns-3pr-sx5546-100-s-cnf,https://tanelneemoja.github.io/feed-creek/generated_ads/ad_SX5546_100_S_CNF_f36e122c_sq.jpg,13€,13€
921826_001_8.5_CNF,Nike air max 97,http://ballzy.eu/lv/product/nike-air-max-97-921826-001-8-5-cnf,https://tanelneemoja.github.io/feed-creek/generated_ads/ad_921826_001_8.5_CNF_639dc240_sq.jpg,199€,
AV3042_100_8_CNF,Air force 1 flyknit 2.0,http://ballzy.eu/lv/product/air-force-1-flyknit-2-0-av3042-100-8-cnf,https://tanelneemoja.github.io/feed-creek/generated_ads/ad_AV3042_100_8_CNF_7b1b7420_sq.jpg,129€,
B75806_8_CNF,Samba og,http://ballzy.eu/lv/product/samba-og-b75806-8-cnf,https://tanelneemoja.github.io/feed-creek/generated_ads/ad_B75806_8_CNF_549ae4f8_sq.jpg,119€,
B75807_8_CNF,Samba og,http://ballzy.eu/lv/product/samba-og-b75807-8-cnf,https://tanelneemoja.github.io/feed-creek/generated_ads/ad_B75807_8_CNF_c5d80db2_sq.jpg,119€,
SX7667_100_S_CNF,U nk everyday cush ankle 3pr,http://ballzy.eu/lv/product/u-nk-everyday-cush-ankle-3pr-sx7667-100-s-cnf,https://tanelneemoja.github.io/feed-creek/generated_ads/ad_SX7667_100_S_CNF_80f6fa01_sq.jpg,19€,
SX5854_010_S_CNF,U j flight crew,http://ballzy.eu/lv/product/u-j-flight-crew-sx5854-010-s-cnf,https://tanelneemoja.github.io/feed-creek/generated_ads/ad_SX5854_010_S_CNF_05753e35_sq.jpg,12€,12€
SK0110_101_S_CNF,U nk nsw evry essential ankle,http://ballzy.eu/lv/product/u-nk-nsw-evry-essential-ankle-sk0110-101-s-cnf,https://tanelneemoja.github.io/feed-creek/generated_ads/ad_SK0110_101_S_CNF_c0f5f545_sq.jpg,12€,12€
AT3383_010_S_CNF,M np dry tght 3qt bball,http://ballzy.eu/lv/product/m-np-dry-tght-3qt-bball-at3383-010-s-cnf,https://tanelneemoja.github.io/feed-creek/generated_ads/ad_AT3383_010_S_CNF_978c9d45_sq.jpg,29€,29€
SX7666_100_M_CNF,U nk everyday cush crew 6 pairs,http://ballzy.eu/lv/product/u-nk-everyday-cush-crew-6-pairs-sx7666-100-m-cnf,https://tanelneemoja.github.io/feed-creek/generated_ads/ad_SX7666_100_M_CNF_9b9ef0ab_sq.jpg,29€,
SX5544_010_S_CNF,U j everyday max ankl 3pr,http://ballzy.eu/lv/product/u-j-everyday-max-ankl-3pr-sx5544-010-s-cnf,https://tanelneemoja.github.io/feed-creek/generated_ads/ad_SX5544_010_S_CNF_114019dd_sq.jpg,17€,
S20274_3942_CNF,Trefoil liner socks 3 pairs,http://ballzy.eu/lv/product/trefoil-liner-socks-3-pairs-s20274-3942-cnf,https://tanelneemoja.github.io/feed-creek/generated_ads/ad_S20274_3942_CNF_f3260f69_sq.jpg,10€,10€
12122741_OSFM_CNF,Essential 940 wmns new york yankees,http://ballzy.eu/lv/product/essential-940-wmns-new-york-yankees-12122741-osfm-cnf,https://tanelneemoja.github.io/feed-creek/generated_ads/ad_12122741_OSFM_CNF_248d3ffc_sq.jpg,19€,19€
162050C_001_10_CNF,Chuck 70 hi,http://ballzy.eu/lv/product/chuck-70-hi-162050c-001-10-cnf,https://tanelneemoja.github.io/feed-creek/generated_ads/ad_162050C_001_10_CNF_97021c3f_sq.jpg,94€,
162058C_001_10_CNF,Chuck 70 ox,http://ballzy.eu/lv/product/chuck-70-ox-162058c-001-10-cnf,https://tanelneemoja.github.io/feed-creek/generated_ads/ad_162058C_001_10_CNF_8f046eb0_sq.jpg,69€,69€
SX7676_010_S_CNF,U nk everyday ltwt crew 3pr,http://ballzy.eu/lv/product/u-nk-everyday-ltwt-crew-3pr-sx7676-010-s-cnf,https://tanelneemoja.github.io/feed-creek/generated_ads/ad_SX7676_010_S_CNF_cbc1c2af_sq.jpg,19€,
SX7676_100_S_CNF,U nk everyday ltwt crew 3pr,http://ballzy.eu/lv/product/u-nk-everyday-ltwt-crew-3pr-sx7676-100-s-cnf,https://tanelneemoja.github.io/feed-creek/generated_ads/ad_SX7676_100_S_CNF_efd8bd5e_sq.jpg,19€,
SX7677_100_S_CNF,U nk everyday ltwt ankle 3pr,http://ballzy.eu/lv/product/u-nk-ed-ltwt-ankle-3p-132-sx7677-100-s-cnf,https://tanelneemoja.github.io/feed-creek/generated_ads/ad_SX7677_100_S_CNF_998f6321_sq.jpg,19€,
CU4495_010_S_CNF,M nsw tch flc jggr,http://ballzy.eu/lv/product/m-nsw-tch-flc-jggr-cu4495-010-s-cnf,https://tanelneemoja.github.io/feed-creek/generated_ads/ad_CU4495_010_S_CNF_49ecd8b8_sq.jpg,89€,
CP003_CNF,Crep protect - wipes 12 sachets,http://ballzy.eu/lv/product/crep-protect-wipes-12-sachets-cp003-cnf,https://tanelneemoja.github.io/feed-creek/generated_ads/ad_CP003_CNF_af7056a9_sq.jpg,9€,
CP010_CNF,Crep protect laces white round,http://ballzy.eu/lv/product/crep-protect-laces-white-round-cp010-cnf,https://tanelneemoja.github.io/feed-creek/generated_ads/ad_CP010_CNF_b2772e40_sq.jpg,7€,
CP014_CNF,Crep protect eraser - suede  &amp; nubuck,http://ballzy.eu/lv/product/crep-protect-eraser-suede-nubuck-cp014-cnf,https://tanelneemoja.github.io/feed-creek/generated_ads/ad_CP014_CNF_25cc0a78_sq.jpg,10€,
CP019_CNF,Crep protect mark-on black midsole custom pen,http://ballzy.eu/lv/product/crep-protect-mark-on-black-midsole-custom-pen-cp019-cnf,https://tanelneemoja.github.io/feed-creek/generated_ads/ad_CP019_CNF_4faf9ba3_sq.jpg,15€,
SX7840_010_S_CNF,U nk evry plus cush ns foot 3p,http://ballzy.eu/lv/product/u-nk-evry-plus-cush-ns-foot-3p-sx7840-010-s-cnf,https://tanelneemoja.github.io/feed-creek/generated_ads/ad_SX7840_010_S_CNF_d93c3a2a_sq.jpg,12€,12€
SX7589_010_M_CNF,U jordan crew - nba,http://ballzy.eu/lv/product/u-jordan-crew-nba-sx7589-010-m-cnf,https://tanelneemoja.github.io/feed-creek/generated_ads/ad_SX7589_010_M_CNF_10887174_sq.jpg,24€,
CI0919_100_6_CNF,W af1 shadow,http://ballzy.eu/lv/product/w-af1-shadow-ci0919-100-6-cnf,https://tanelneemoja.github.io/feed-creek/generated_ads/ad_CI0919_100_6_CNF_7de6e363_sq.jpg,119€,119€
8235SCN_CNF,Net heavy duty,http://ballzy.eu/lv/product/net-heavy-duty-8235scn-cnf,https://tanelneemoja.github.io/feed-creek/generated_ads/ad_8235SCN_CNF_4db89dae_sq.jpg,11€,
BD7632_7.5_CNF,Handball spezial,http://ballzy.eu/lv/product/handball-spezial-bd7632-7-5-cnf,https://tanelneemoja.github.io/feed-creek/generated_ads/ad_BD7632_7.5_CNF_94264f25_sq.jpg,99€,99€
SK0109_010_S_CNF,U nk nsw evry essential crew,http://ballzy.eu/lv/product/u-nk-nsw-evry-essential-crew-sk0109-010-s-cnf,https://tanelneemoja.github.io/feed-creek/generated_ads/ad_SK0109_010_S_CNF_1f6e0739_sq.jpg,13€,13€
20955HN_99_XS_CNF,Hnmky bomber jacket black,http://ballzy.eu/lv/product/hnmky-bomber-jacket-black-20955hn-99-xs-cnf,https://tanelneemoja.github.io/feed-creek/generated_ads/ad_20955HN_99_XS_CNF_5f81c47a_sq.jpg,100€,
CK2663_010_MISC_CNF,Nk utility power bkpk,http://ballzy.eu/lv/product/nk-utility-power-bkpk-ck2663-010-misc-cnf,https://tanelneemoja.github.io/feed-creek/generated_ads/ad_CK2663_010_MISC_CNF_d3bdcbc1_sq.jpg,74€,
CW2288_111_8.5_CNF,Air force 1 ´07,http://ballzy.eu/lv/product/air-force-1-07-cw2288-111-8-5-cnf,https://tanelneemoja.github.io/feed-creek/generated_ads/ad_CW2288_111_8.5_CNF_6702b346_sq.jpg,119€,119€
VN000EYEW001_090_CNF,Ua classic slip-on,http://ballzy.eu/lv/product/ua-classic-slip-on-vn000eyew001-090-cnf,https://tanelneemoja.github.io/feed-creek/generated_ads/ad_VN000EYEW001_090_CNF_8ef14ec4_sq.jpg,49€,49€
60113286_OSFM_CNF,Face mask new york yankees,http://ballzy.eu/lv/product/face-mask-new-york-yankees-60113286-osfm-cnf,https://tanelneemoja.github.io/feed-creek/generated_ads/ad_60113286_OSFM_CNF_23d0ae7d_sq.jpg,5€,5€
CN1719_065_S_CNF,Chi m nk swgmn jsy ce 20,http://ballzy.eu/lv/product/chi-m-nk-swgmn-jsy-ce-20-cn1719-065-s-cnf,https://tanelneemoja.github.io/feed-creek/generated_ads/ad_CN1719_065_S_CNF_df8c9dd2_sq.jpg,54€,54€
DA2123_010_S_CNF,U nk crew everyday bball 3pr,http://ballzy.eu/lv/product/u-nk-ed-crew-bball-3pr-144-da2123-010-s-cnf,https://tanelneemoja.github.io/feed-creek/generated_ads/ad_DA2123_010_S_CNF_a8ff33e0_sq.jpg,19€,
DA2123_100_S_CNF,U nk crew everyday bball 3pr,http://ballzy.eu/lv/product/u-nk-ed-crew-bball-3pr-144-da2123-100-s-cnf,https://tanelneemoja.github.io/feed-creek/generated_ads/ad_DA2123_100_S_CNF_a0391d64_sq.jpg,19€,
DH2920_111_4Y_CNF,Air force 1 le gs,http://ballzy.eu/lv/product/air-force-1-le-gs-dh2920-111-4y-cnf,https://tanelneemoja.github.io/feed-creek/generated_ads/ad_DH2920_111_4Y_CNF_38482c21_sq.jpg,94€,94€
CT3839_002_4Y_CNF,Air force 1 gs,http://ballzy.eu/lv/product/air-force-1-gs-ct3839-002-4y-cnf,https://tanelneemoja.github.io/feed-creek/generated_ads/ad_CT3839_002_4Y_CNF_e3d063ef_sq.jpg,78€,78€
BV5635_010_S_CNF,M np short,http://ballzy.eu/lv/product/m-np-short-bv5635-010-s-cnf,https://tanelneemoja.github.io/feed-creek/generated_ads/ad_BV5635_010_S_CNF_16a8ab67_sq.jpg,19€,19€
VN000D3HY281_050_CNF,Ua old skool,http://ballzy.eu/lv/product/ua-old-skool-vn000d3hy281-050-cnf,https://tanelneemoja.github.io/feed-creek/generated_ads/ad_VN000D3HY281_050_CNF_e78cd62f_sq.jpg,69€,69€
6446R_RED_S_CNF,Mcd extended leg sleeves,http://ballzy.eu/lv/product/mcd-extended-leg-sleeves-6446r-red-s-cnf,https://tanelneemoja.github.io/feed-creek/generated_ads/ad_6446R_RED_S_CNF_8d88749d_sq.jpg,19€,19€
SX4863_101_S_CNF,W nk evry ltwt foot 3pr,http://ballzy.eu/lv/product/w-nk-evry-ltwt-foot-3pr-sx4863-101-s-cnf,https://tanelneemoja.github.io/feed-creek/generated_ads/ad_SX4863_101_S_CNF_470f92a5_sq.jpg,12€,12€
SX7667_010_S_CNF,U nk everyday cush ankle 3pr,http://ballzy.eu/lv/product/u-nk-everyday-cush-ankle-3pr-sx7667-010-s-cnf,https://tanelneemoja.github.io/feed-creek/generated_ads/ad_SX7667_010_S_CNF_03cc72e0_sq.jpg,15€,15€
60141896_M_CNF,Wmns pop colour tapered bucket,http://ballzy.eu/lv/product/wmns-pop-colour-tapered-bucket-60141896-m-cnf,https://tanelneemoja.github.io/feed-creek/generated_ads/ad_60141896_M_CNF_283e901b_sq.jpg,9€,9€
DA5718_100_S_CNF,U jordan essential crew 3pr,http://ballzy.eu/lv/product/u-j-essential-crew-3pr-144-da5718-100-s-cnf,https://tanelneemoja.github.io/feed-creek/generated_ads/ad_DA5718_100_S_CNF_9cb7bf10_sq.jpg,19€,
VN000EYEBWW1_040_CNF,Ua classic slip-on,http://ballzy.eu/lv/product/ua-classic-slip-on-vn000eyebww1-040-cnf,https://tanelneemoja.github.io/feed-creek/generated_ads/ad_VN000EYEBWW1_040_CNF_cc1c4bef_sq.jpg,49€,49€
10021138_A01_MISC_CNF,Straight edge,http://ballzy.eu/lv/product/straight-edge-10021138-a01-misc-cnf,https://tanelneemoja.github.io/feed-creek/generated_ads/ad_10021138_A01_MISC_CNF_7d53a8c8_sq.jpg,39€,39€
DK0A4XP3BLK1_L_CNF,Alatna,http://ballzy.eu/lv/product/alatna-dk0a4xp3blk1-l-cnf,https://tanelneemoja.github.io/feed-creek/generated_ads/ad_DK0A4XP3BLK1_L_CNF_7f743c1e_sq.jpg,123.20€,123.20€
80468932_OSFA_CNF,Mlb league ess 940 yankees,http://ballzy.eu/lv/product/mlb-league-ess-940-yankees-80468932-osfa-cnf,https://tanelneemoja.github.io/feed-creek/generated_ads/ad_80468932_OSFA_CNF_638cb7d5_sq.jpg,19€,19€
VN0A5I111KP1_090_CNF,Ua sk8-hi gore-tex mte-3,http://ballzy.eu/lv/product/ua-sk8-hi-gore-tex-mte-3-vn0a5i111kp1-090-cnf,https://tanelneemoja.github.io/feed-creek/generated_ads/ad_VN0A5I111KP1_090_CNF_0c8c7e96_sq.jpg,99€,99€
11180834_SM_CNF,Mlb 9fifty yankees,http://ballzy.eu/lv/product/mlb-9fifty-yankees-11180834-sm-cnf,https://tanelneemoja.github.io/feed-creek/generated_ads/ad_11180834_SM_CNF_8e9dd108_sq.jpg,19€,19€
DD1917_010_S_CNF,M np df short,http://ballzy.eu/lv/product/m-np-df-short-dd1917-010-s-cnf,https://tanelneemoja.github.io/feed-creek/generated_ads/ad_DD1917_010_S_CNF_069834e5_sq.jpg,24€,24€
DD1917_068_S_CNF,M np df short,http://ballzy.eu/lv/product/m-np-df-short-dd1917-068-s-cnf,https://tanelneemoja.github.io/feed-creek/generated_ads/ad_DD1917_068_S_CNF_4df1fc67_sq.jpg,24€,24€
DD1917_100_S_CNF,M np df short,http://ballzy.eu/lv/product/m-np-df-short-dd1917-100-s-cnf,https://tanelneemoja.github.io/feed-creek/generated_ads/ad_DD1917_100_S_CNF_674b8766_sq.jpg,23€,23€
DD6606_010_S_CNF,M nsw sfadv tp 3in1 parka,http://ballzy.eu/lv/product/m-nsw-sfadv-tp-3in1-parka-dd6606-010-s-cnf,https://tanelneemoja.github.io/feed-creek/generated_ads/ad_DD6606_010_S_CNF_182ccf2a_sq.jpg,249€,249€
DD1919_010_S_CNF,M np df 3qt tight,http://ballzy.eu/lv/product/m-np-df-3qt-tight-dd1919-010-s-cnf,https://tanelneemoja.github.io/feed-creek/generated_ads/ad_DD1919_010_S_CNF_c528ed1b_sq.jpg,39€,
DD1990_100_S_CNF,M np df tight top ls,http://ballzy.eu/lv/product/m-np-df-tight-top-ls-dd1990-100-s-cnf,https://tanelneemoja.github.io/feed-creek/generated_ads/ad_DD1990_100_S_CNF_3397c1c3_sq.jpg,24€,24€
DH5485_601_S_CNF,U nk everyday ankle 1pk - 144,http://ballzy.eu/lv/product/u-nk-everyday-ankle-1pk-144-dh5485-601-s-cnf,https://tanelneemoja.github.io/feed-creek/generated_ads/ad_DH5485_601_S_CNF_56f86766_sq.jpg,7€,7€
DH5485_010_S_CNF,U nk everyday ankle 1pk - 144,http://ballzy.eu/lv/product/u-nk-everyday-ankle-1pk-144-dh5485-010-s-cnf,https://tanelneemoja.github.io/feed-creek/generated_ads/ad_DH5485_010_S_CNF_68e769c8_sq.jpg,7€,7€
DH8010_100_6_CNF,Wmns air max 90,http://ballzy.eu/lv/product/wmns-air-max-90-dh8010-100-6-cnf,https://tanelneemoja.github.io/feed-creek/generated_ads/ad_DH8010_100_6_CNF_ef99ff57_sq.jpg,79€,79€
DN3314_010_S_CNF,U nk evryday plus cush footie,http://ballzy.eu/lv/product/u-nk-evryday-plus-cush-footie-dn3314-010-s-cnf,https://tanelneemoja.github.io/feed-creek/generated_ads/ad_DN3314_010_S_CNF_824d943c_sq.jpg,19€,
DN3314_100_S_CNF,U nk evryday plus cush footie,http://ballzy.eu/lv/product/u-nk-evryday-plus-cush-footie-dn3314-100-s-cnf,https://tanelneemoja.github.io/feed-creek/generated_ads/ad_DN3314_100_S_CNF_84a1378b_sq.jpg,19€,
SX7669_100_S_CNF,U nk everyday csh ankl 6pr 132,http://ballzy.eu/lv/product/u-nk-everyday-csh-ankl-6pr-132-sx7669-100-s-cnf,https://tanelneemoja.github.io/feed-creek/generated_ads/ad_SX7669_100_S_CNF_c6a0b51c_sq.jpg,19€,
DK0A4XDAWHX1_XS_CNF,Ss mapleton t-shirt w,http://ballzy.eu/lv/product/ss-mapleton-t-shirt-w-dk0a4xdawhx1-xs-cnf,https://tanelneemoja.github.io/feed-creek/generated_ads/ad_DK0A4XDAWHX1_XS_CNF_9397e5f9_sq.jpg,14€,14€
VN000D3HBKA1_130_CNF,Ua old skool,http://ballzy.eu/lv/product/ua-old-skool-vn000d3hbka1-130-cnf,https://tanelneemoja.github.io/feed-creek/generated_ads/ad_VN000D3HBKA1_130_CNF_47e71c57_sq.jpg,69€,69€
DX5074_010_M_CNF,U nk nsw everyday essential an,http://ballzy.eu/lv/product/u-nk-nsw-everyday-essential-an-dx5074-010-m-cnf,https://tanelneemoja.github.io/feed-creek/generated_ads/ad_DX5074_010_M_CNF_a1b07d3a_sq.jpg,19€,
DX5074_101_M_CNF,U nk nsw everyday essential an,http://ballzy.eu/lv/product/u-nk-nsw-everyday-essential-an-dx5074-101-m-cnf,https://tanelneemoja.github.io/feed-creek/generated_ads/ad_DX5074_101_M_CNF_93cfd5ae_sq.jpg,19€,
DX5075_100_L_CNF,U nk nsw everyday essential ns,http://ballzy.eu/lv/product/u-nk-nsw-everyday-essential-ns-dx5075-100-l-cnf,https://tanelneemoja.github.io/feed-creek/generated_ads/ad_DX5075_100_L_CNF_3e1845ea_sq.jpg,19€,
I030740_89XX_XS_CNF,L/s on u sound shirt jac,http://ballzy.eu/lv/product/l-s-on-u-sound-shirt-jac-i030740-89xx-xs-cnf,https://tanelneemoja.github.io/feed-creek/generated_ads/ad_I030740_89XX_XS_CNF_3a5cb278_sq.jpg,34€,34€
LAH91014_BK_OSZ_CNF,6-panel curved brim nb classic hat,http://ballzy.eu/lv/product/6-panel-curved-brim-nb-classic-hat-lah91014-bk-osz-cnf,https://tanelneemoja.github.io/feed-creek/generated_ads/ad_LAH91014_BK_OSZ_CNF_c723eb98_sq.jpg,12€,12€
162056C_102_10_CNF,Chuck 70 hi,http://ballzy.eu/lv/product/chuck-70-hi-162056c-102-10-cnf,https://tanelneemoja.github.io/feed-creek/generated_ads/ad_162056C_102_10_CNF_1d51a300_sq.jpg,69€,69€
DK0A4XB2BLK1_S_CNF,Pelican rapids,http://ballzy.eu/lv/product/pelican-rapids-dk0a4xb2blk1-s-cnf,https://tanelneemoja.github.io/feed-creek/generated_ads/ad_DK0A4XB2BLK1_S_CNF_13571acc_sq.jpg,24€,24€
DK0A4XK7CH01_S_CNF,Work shirt ss rec,http://ballzy.eu/lv/product/work-shirt-ss-rec-dk0a4xk7ch01-s-cnf,https://tanelneemoja.github.io/feed-creek/generated_ads/ad_DK0A4XK7CH01_S_CNF_00fb199b_sq.jpg,22€,22€
S2108_807_3.5_CNF,Shadow original,http://ballzy.eu/lv/product/shadow-original-s2108-807-3-5-cnf,https://tanelneemoja.github.io/feed-creek/generated_ads/ad_S2108_807_3.5_CNF_9f59951d_sq.jpg,89€,89€
DX5075_911_L_CNF,U nk nsw everyday essential ns,http://ballzy.eu/lv/product/u-nk-nsw-everyday-essential-ns-dx5075-911-l-cnf,https://tanelneemoja.github.io/feed-creek/generated_ads/ad_DX5075_911_L_CNF_e85122e0_sq.jpg,19€,
HC2013_40_CNF,Tee,http://ballzy.eu/lv/product/tee-hc2013-40-cnf,https://tanelneemoja.github.io/feed-creek/generated_ads/ad_HC2013_40_CNF_e218dceb_sq.jpg,14€,14€
DH8680_010_2XL_CNF,Bkn m nk trkst cts ftpk,http://ballzy.eu/lv/product/bkn-m-nk-trkst-cts-ftpk-dh8680-010-2xl-cnf,https://tanelneemoja.github.io/feed-creek/generated_ads/ad_DH8680_010_2XL_CNF_508228aa_sq.jpg,97€,97€
CP017_CNF,Crep protect - mark-on white,http://ballzy.eu/lv/product/crep-protect-mark-on-white-cp017-cnf,https://tanelneemoja.github.io/feed-creek/generated_ads/ad_CP017_CNF_39e10e8a_sq.jpg,17€,
CP018_CNF,Crep protect - ultimate box pack,http://ballzy.eu/lv/product/crep-protect-ultimate-box-pack-cp018-cnf,https://tanelneemoja.github.io/feed-creek/generated_ads/ad_CP018_CNF_24351c76_sq.jpg,49€,
CP031_CNF,Crep protect - sneaker shields s,http://ballzy.eu/lv/product/crep-protect-sneaker-shields-s-cp031-cnf,https://tanelneemoja.github.io/feed-creek/generated_ads/ad_CP031_CNF_954b6475_sq.jpg,12€,
DX5025_100_S_CNF,U nk nsw everyday essential cr,http://ballzy.eu/lv/product/u-nk-nsw-everyday-essential-cr-dx5025-100-s-cnf,https://tanelneemoja.github.io/feed-creek/generated_ads/ad_DX5025_100_S_CNF_8de76888_sq.jpg,19€,
I030284_89FH_XS_CNF,W´ santa fe bomber,http://ballzy.eu/lv/product/w-santa-fe-bomber-i030284-89fh-xs-cnf,https://tanelneemoja.github.io/feed-creek/generated_ads/ad_I030284_89FH_XS_CNF_3786b7bc_sq.jpg,69€,69€
S2044_642_3.5_CNF,Jazz original,http://ballzy.eu/lv/product/jazz-original-s2044-642-3-5-cnf,https://tanelneemoja.github.io/feed-creek/generated_ads/ad_S2044_642_3.5_CNF_35b4dd99_sq.jpg,79€,79€
DB3021_11.5_CNF,Handball spezial,http://ballzy.eu/lv/product/handball-spezial-db3021-11-5-cnf,https://tanelneemoja.github.io/feed-creek/generated_ads/ad_DB3021_11.5_CNF_97543ef4_sq.jpg,114€,
I030014_89XX_S_CNF,Hewitt vest,http://ballzy.eu/lv/product/hewitt-vest-i030014-89xx-s-cnf,https://tanelneemoja.github.io/feed-creek/generated_ads/ad_I030014_89XX_S_CNF_4ea733e0_sq.jpg,69€,69€
10001_100_41_CNF,Classic,http://ballzy.eu/lv/product/classic-10001-100-41-cnf,https://tanelneemoja.github.io/feed-creek/generated_ads/ad_10001_100_41_CNF_1b22c389_sq.jpg,54€,
CV0062_010_MISC_CNF,W nk one club bag,http://ballzy.eu/lv/product/w-nk-one-club-bag-cv0062-010-misc-cnf,https://tanelneemoja.github.io/feed-creek/generated_ads/ad_CV0062_010_MISC_CNF_909adccf_sq.jpg,69€,
DH7132_013_S_CNF,M nk df crossover jersey,http://ballzy.eu/lv/product/m-nk-df-crossover-jersey-dh7132-013-s-cnf,https://tanelneemoja.github.io/feed-creek/generated_ads/ad_DH7132_013_S_CNF_c6245927_sq.jpg,19€,19€
DM1813_010_XS_CNF,M j df sprt compression short,http://ballzy.eu/lv/product/m-j-df-sprt-compression-short-dm1813-010-xs-cnf,https://tanelneemoja.github.io/feed-creek/generated_ads/ad_DM1813_010_XS_CNF_e1006884_sq.jpg,23€,23€
DM1813_100_XS_CNF,M j df sprt compression short,http://ballzy.eu/lv/product/m-j-df-sprt-compression-short-dm1813-100-xs-cnf,https://tanelneemoja.github.io/feed-creek/generated_ads/ad_DM1813_100_XS_CNF_83dab9fe_sq.jpg,23€,23€
I026235_00HXX_S_CNF,Chase swim trunks,http://ballzy.eu/lv/product/chase-swim-trunks-i026235-00hxx-s-cnf,https://tanelneemoja.github.io/feed-creek/generated_ads/ad_I026235_00HXX_S_CNF_b326381d_sq.jpg,24€,24€
I030018_NOXX_S_CNF,Montana jacket,http://ballzy.eu/lv/product/montana-jacket-i030018-noxx-s-cnf,https://tanelneemoja.github.io/feed-creek/generated_ads/ad_I030018_NOXX_S_CNF_c7a5f8cd_sq.jpg,59€,59€
77-204Z_CNF,Tf-500 excel,http://ballzy.eu/lv/product/tf-500-excel-77-204z-cnf,https://tanelneemoja.github.io/feed-creek/generated_ads/ad_77-204Z_CNF_d373b548_sq.jpg,54.95€,
